{"count":1,"self":2053.1329023999997,"total":4295.884288,"children":{"AgentSendState":{"count":219447,"self":296.93524479999996,"total":1076.666455,"children":{"CollectObservations":{"count":3511240,"self":100.69489279999999,"total":100.69489,"children":null},"CollectDiscreteActionMasks":{"count":3511240,"self":65.9137344,"total":65.913737,"children":null},"AgentInfo.ToProto":{"count":3511240,"self":164.4904704,"total":613.122573,"children":{"GenerateSensorData":{"count":3511240,"self":448.6321152,"total":448.632103,"children":null}}}}},"DecideAction":{"count":219447,"self":1009.7546239999999,"total":1009.75466,"children":null},"AgentAct":{"count":219447,"self":155.841216,"total":156.147247,"children":{"AgentInfo.ToProto":{"count":1356,"self":0.075979999999999992,"total":0.30602999999999997,"children":{"GenerateSensorData":{"count":1356,"self":0.23004999999999998,"total":0.23004999999999998,"children":null}}}}},"AgentInfo.ToProto":{"count":850,"self":0.048713,"total":0.18060299999999999,"children":{"GenerateSensorData":{"count":850,"self":0.13189,"total":0.13189,"children":null}}}},"gauges":{"STurret1.CumulativeReward":{"count":948,"max":114.657738,"min":0,"runningAverage":43.421,"value":71.96988,"weightedAverage":62.66639},"SDriver1.CumulativeReward":{"count":678,"max":161.068558,"min":40.9834137,"runningAverage":95.138855,"value":66.9694443,"weightedAverage":98.57138}},"metadata":{"timer_format_version":"0.1.0","start_time_seconds":"1599693442","unity_version":"2019.4.4f1","command_line_arguments":"\/Applications\/Unity\/Unity.app\/Contents\/MacOS\/Unity -projectpath \/Users\/amiz\/Documents\/unity\/ML\/TanksPowerUp -useHub -hubIPC -cloudEnvironment production -hubSessionId 2a083af0-ec51-11ea-8e78-2b2e30cae2a8 -accessToken 8H2Gj-OP6-5JXtT9-h35JDjdJzK0SHxWWSk-f_87JfM00ff","communication_protocol_version":"1.0.0","com.unity.ml-agents_version":"1.0.4","scene_name":"SceneTeams","end_time_seconds":"1599697737"}}